Time,CL,CK,CS,Clung
0.5,3355.015406,102.7045532,3594.659363,273.8788086
4,2464.909278,171.1742554,4108.18213,410.8182129
24,5819.924683,,7120.849024,68.46970216
168,2944.197193,,5682.98528,68.46970216
